T1,T2,T3,T4,T5,T6,T7,T8
0.00012128290960114292,0.3985358387238693,0.010141279577523948,0.00012126538878959728,0.1615773245144359,0.3240827179364111,0.007829728504428106,0.09759056244494085
0.00013955454037087672,0.8630251337049094,0.00013955484515568,0.0001395499917432658,0.0984797277425317,0.000139553005819641,0.00013953993227848127,0.037797386237190936
0.15618522185491676,0.792391517741283,0.04838968294918362,0.000166462247144203,0.002367680599494793,0.00016647894188965147,0.0001664691427066098,0.00016648652338118703
0.00011540372149193032,0.140760527768817,0.060628193983870225,0.00011539186335764156,0.2703199538992642,0.2979871487650662,0.22137763641631303,0.00869574358181969
0.00011715163967515282,0.13990014127818523,0.12219706567539422,0.00011716289097579447,0.5266578901950854,0.21077627800064494,0.00011716709965758291,0.00011714322038173048
0.00011675836762299161,0.057611559203427296,0.00011674826529532308,0.16523256328182317,0.18293563580434322,0.5937532416893521,0.00011674435187877589,0.00011674903625708231
0.018328685369034953,0.24840561612695752,0.00011329536860783401,0.00011330435325371823,0.22498936742975612,0.48953387040943747,0.018402558211343612,0.00011330273160875035
0.00010723433444795612,0.2164476218337397,0.016548067608455723,0.027346384252191644,0.3337605874354317,0.3473663118064764,0.05831656114163019,0.00010723158762671379
0.00012682199849122148,0.618574820407512,0.024152903376819367,0.0001268140140021365,0.06603079468420744,0.17909465500496047,0.06759828363534184,0.044294906878665635
0.1696605231867996,0.7717708895978777,0.00013287613917960405,0.00013286215540583054,0.00013287800323877224,0.00013287306434951133,0.0001328811180517974,0.05790421673509718
0.1402188840915899,0.5020754818006228,0.00011356240847712513,0.00011355709506352579,0.06175895443782477,0.29549243152832494,0.00011356146634378349,0.0001135671717532157
0.17388426769390514,0.5502809999592351,0.00012428652177594361,0.000124279138575383,0.028845392026537655,0.24649220466312438,0.0001242921227879906,0.00012427787405840072
0.0760427454841685,0.4615717001507323,0.00010864823708530352,0.00010862873373981326,0.00010863044537748639,0.2709350980655531,0.19101592273497944,0.00010862614836418132
0.06748061657098997,0.6724397921721417,0.10688304131493995,0.00011354931639285471,0.00011356265189725674,0.08937263812472081,0.06348325419792798,0.00011354565098954412
0.03985814171433705,0.41806464564508794,0.00011526044933910757,0.00011525166015168845,0.06874746984114519,0.3380122757666333,0.13497169177412824,0.000115263149177524
0.017287962446125075,0.6250536740404359,0.00010487378171461402,0.00010487061858230494,0.09115433832060237,0.19492279456462555,0.06357711542658062,0.007794370801333614
0.00010857771995727832,0.11241724365882305,0.0001085358871601597,0.00010850673709673053,0.8462173933957371,0.021317091799173484,0.00010849861056022361,0.019614152191491964
0.00010956457187435031,0.43436040508673024,0.005218361130039439,0.025602213195658356,0.12992710221280274,0.37695694655034456,0.020914437081918306,0.006910970170631939
0.00010334199982140057,0.3048026485785917,0.023354342329085884,0.013811204584552709,0.25776431093767344,0.09441885600598895,0.30564195022712537,0.00010334533716065738
0.00010508012916636137,0.0886297701728436,0.01571296945641913,0.0001050902114652879,0.09561810060495977,0.48753823140801356,0.2906164977409119,0.02167426027622041
0.010580630528048678,0.01954938372252205,0.00010344656192497157,0.00010345514280482395,0.4530890424066316,0.5144376874422378,0.00010345098824913179,0.002032903207580827
0.0001065550455664172,0.049461917979393887,0.00010654013185651733,0.00010654083747333878,0.7330440439830145,0.19697261236094288,0.01433286127761796,0.005868928384134455
0.006634330300484792,0.04355858614897877,0.00011228336146927325,0.00011228744316109989,0.6998044592100686,0.23981197033826812,0.009853789069945544,0.00011229412762367295
0.00010909812492230185,0.03903353807748733,0.00010910556800397525,0.00010911459607168362,0.7059276040367785,0.1741189988613045,0.06620319855751487,0.014389342177916865
0.00010519911110876709,0.10157235284863622,0.00010520679899497921,0.0001052158042941379,0.7041194523524469,0.18396824216773808,0.00010520475631158843,0.009919126160469399
0.00010840513529433372,0.00010839488110577134,0.00010840801287966925,0.010569050232526586,0.7681442905199616,0.11963163236450453,0.08754648228016454,0.013783336573563034
0.00010398859811476888,0.03947065548180679,0.00010399421966933342,0.019268272305887457,0.715567727643644,0.19481304621376888,0.027628134445362832,0.003044181091745979
0.008998567966954578,0.05089362515611557,0.00010909600259255962,0.00010909799989430172,0.7997528151747613,0.13068134124086822,0.004666947855314377,0.004788508603499005
0.00011043613579100717,0.07689761615514457,0.03472273340278703,0.0001104189835215955,0.14790836126337642,0.2723299003924808,0.46591713114931826,0.002003402517580368
0.00010442323810144759,0.06905232286092679,0.00010443331312795597,0.00010442394720414986,0.04423978424138749,0.2007707619776376,0.6855194321510824,0.00010441827053212913
9.933992265367879e-05,9.934858176568124e-05,9.934543804633798e-05,9.935140456871905e-05,0.03134343145769438,0.22588311900104316,0.7422767229066994,9.934128752857137e-05
0.00010758518992556687,0.00010758495377209725,0.00010757133139339523,0.00010757595115474681,0.05361896160547164,0.389874180308163,0.5419697900606368,0.014106750599482677
0.00010746988016609982,0.07378842572552972,0.00010746694405157485,0.00010745240869525437,0.14612526363066708,0.3616081390462326,0.4091933501571404,0.008962432207517159
0.019265324767789437,0.025743169006901052,0.00010689535208434682,0.00010688375034195231,0.17533910540393008,0.26295366623334965,0.5163780727829346,0.0001068827026688754
0.03834260008821304,0.021291497866937573,0.00010249873444425142,0.00010251253875410793,0.07067847101697924,0.3874058831790311,0.48197401868227596,0.00010251789336485768
0.022637425727971203,0.00010260326211153069,0.00010259912389984874,0.00010261114946915602,0.06683817803818218,0.37047481289545264,0.5396391632986394,0.0001026065042739288
0.00011191737049011227,0.004935341644932326,0.00011191128604308961,0.00011192076184162642,0.022636067280161855,0.4717203651076277,0.5002605670193025,0.00011190952960065196
0.00010260610778320806,0.0001026128467545187,0.00010262833201568883,0.00010261080532236238,0.09430883070049625,0.26458687174436024,0.6405912305146776,0.00010260894858996976
0.00010399540072653211,0.00010399058154070306,0.00010399067471042116,0.014530960994207968,0.08336705874102718,0.2895651760927446,0.6121208316555881,0.00010399585945437786
0.00011305728820909415,0.00011305516866605892,0.05193894418152026,0.00011305095710653127,0.05097252937806373,0.6938338610159515,0.20280244299643996,0.00011305901404285567
0.011331685290544367,0.11427531804573748,0.10613317286103476,0.130693161902934,0.00012010465531852486,0.6372063465013313,0.0001201088148702821,0.00012010192822926638
0.00010921542110263138,0.00010922167683767742,0.060016786345167,0.00010922885056444097,0.014729742218538277,0.9064152062272655,0.01840137003042753,0.00010922923009701441
0.00010400641219886916,0.18457084658122702,0.23162772705633575,0.00010400564266063909,0.05168654468379046,0.5277718408406675,0.00010400364089641623,0.004031025142223216
0.02155539099303577,0.00010666311014711906,0.2684603094684239,0.0001066541940540628,0.05028898595508211,0.464100513734734,0.19527482016961406,0.00010666237490904748
0.036047300564685636,0.02236139597572841,0.43648777029814695,0.00010620534769500525,0.00010620416217713872,0.40649252705120764,0.09829240085472714,0.00010619574563205047
0.029540466795558905,0.025932709153975,0.30223527897001945,0.00010793120894385849,0.04578815765216758,0.49461388614431495,0.10167364852668383,0.00010792154833651741
0.0050186240958086095,0.0001080466682823484,0.21134016392265456,0.031314926256648834,0.05590942311241894,0.49037588078984895,0.2058248785047272,0.00010805664961055823
0.00010105949886361797,0.1862684856651499,0.02806235101868084,0.00010104823567117676,0.5220237983379913,0.1951528986709713,0.06818927288570462,0.00010108568696732748
0.00010218981372933773,0.062063080590787516,0.024383834904766144,0.0001021840012368614,0.5712663327295837,0.3418780036305938,0.00010218978554343916,0.00010218454375904252
0.00011129732563051789,0.03687216576214081,0.00011128997053876701,0.036301172597739115,0.267402393137838,0.6568592856922715,0.00011127812894926079,0.002231117384892033
0.00010770176422903683,0.1118497898345159,0.00010769598821987612,0.00010768593667014842,0.8453865989051664,0.04222514425990395,0.00010769994149318708,0.00010768336980156191
0.006300871457877289,0.00010815948292078442,0.00010814969363324352,0.00010816174404183103,0.8396273437721057,0.153531010535671,0.0001081563990322467,0.00010814691471779607
0.009385550496421107,0.00010229986356747773,0.00010230096373508744,0.00010229685064348534,0.723588793991592,0.2665141628609091,0.00010230671961505642,0.00010228825351672677
0.00010631310211672488,0.0001063258765529448,0.00010632073809027783,0.00010631062196317228,0.8015548612352275,0.19780724493575633,0.00010631275852833782,0.00010631073176466829
0.00011241619287290431,0.00011240740974217428,0.00011242322817808724,0.05676795840594029,0.6544467750715838,0.27665671037909323,0.00011241755930320369,0.011678891753286295
0.0001116742861342469,0.00011165766415418017,0.00011165886540871544,0.00011166062203545103,0.6849635150156173,0.25966818699124383,0.054809977784238156,0.00011166877116820063
0.021672148264118257,0.024447662995285443,0.019456203989660418,0.0001092253203833443,0.5897543329678699,0.310335606319263,0.03411559115484922,0.00010922898857054115
0.00011016386079796836,0.054987030671969056,0.004528905762878047,0.00011017069916644654,0.4723471455144466,0.4676962349680108,0.00011017715144208218,0.00011017137128893176
0.00010619294897470707,0.047380488531547596,0.006116329545596103,0.05211457772383777,0.12141604672425127,0.7726539331552351,0.00010622410764889207,0.0001062072629085971
0.0001056385246038562,0.00010564054949020728,0.01450019455970606,0.0928339887021568,0.23911506056235568,0.653128188936308,0.00010564628198746926,0.00010564188339199516
0.0001058665040407486,0.0001058580704162954,0.00010586166279464158,0.00010585443740273669,0.7641899228160247,0.2351749178478382,0.00010585780167452968,0.0001058608598079888
0.00011018979592088074,0.05309931084487843,0.00011019980895338448,0.00011017822129539213,0.7054955783052945,0.22941471973491637,0.006656662120125701,0.0050031611686152866
0.00010431765357028045,0.00010432158645835156,0.00010431169182104328,0.00010431571594109483,0.6184606862740832,0.3676063184174912,0.013411416562257956,0.00010431209837677892
0.012791420329851118,0.00010874393888036889,0.00010873866327883343,0.1861155638825961,0.1133456484549041,0.6149383203292417,0.07248280555455527,0.00010875884669254465
0.00011130410877643055,0.00011128913433235353,0.00011128391501676232,0.00011128997531345669,0.2505400463812939,0.7140910131969994,0.03481249184573733,0.00011128144253037322
0.00010433103869679557,0.00010433424820587004,0.00010433029567982543,0.09736414940244852,0.18645192212707207,0.7089045570360234,0.006862053783818573,0.00010432206805497222
0.007569454377090464,0.00011688633219176424,0.00011688134000381908,0.18672613663928683,0.05927532207078472,0.7459615577167247,0.00011688582490632818,0.00011687569901142358
0.00011290517756776249,0.00011292582610544697,0.00011290758752531588,0.00011290643390480281,0.32610538345679263,0.6732171493863149,0.000112911460378146,0.0001129106714108722
0.0001079225006777979,0.18400504506557466,0.00010793262027004065,0.17288917342195534,0.1571454141056359,0.48552867798754623,0.00010792159901246418,0.00010791269932751187
0.005929902632926065,0.00010541920291804382,0.00010542825555942285,0.5632174079364467,0.0001054137022437371,0.4303256041147884,0.00010541999488198631,0.00010540416023564482
0.013583581617160896,0.0001140882415868495,0.04143423869335497,0.4328848183545961,0.00011407219074170652,0.5116410425226023,0.0001140738808126459,0.00011408449914453187
0.00011461749783410905,0.110803601356122,0.21988051539706077,0.25989201966977693,0.00011459872706871389,0.34730571976604674,0.06177432256776323,0.0001146050183275636
0.00011981241091456465,0.00011982143676612048,0.08326923382119067,0.33545078284238755,0.00011982852219123942,0.5142169886245116,0.05321128283142529,0.013492249510612982
0.00010564272925241132,0.00010564496256119345,0.00010564091779175992,0.21546258389433612,0.0001056539942310196,0.3817317693606165,0.4022774114202946,0.00010565272091637359
0.011714394134502398,0.028214522617369946,0.00010324617578135919,0.07939406262167802,0.00010324626568757919,0.7720210746400525,0.10834619342556702,0.0001032601193609804
0.00010850163914350999,0.00010851907570949394,0.0001085144662067057,0.08354891096145395,0.080943498852438,0.8316870228263353,0.00010851536329659031,0.003386516815416413
0.010804177474821456,0.00010898446594047004,0.023706029649774984,0.031712947281727896,0.005101749607352657,0.9283481567715242,0.00010898376035490241,0.00010897098850359362
0.00010314807891366617,0.00010314913807630162,0.00010314449545152746,0.05248218246817119,0.04771712195674986,0.8500913232339583,0.03822740768937961,0.011172522939299533
0.00010994380260001489,0.00010994811782833778,0.00970149145012856,0.00010994366534251174,0.1155431765413963,0.7509007696253461,0.12341477933963788,0.00010994745772011928
0.00012214756623218602,0.007762176833705521,0.04423007966182806,0.0001221669171007708,0.15704108715932502,0.6239624357749877,0.1666377479741005,0.0001221581127203874
0.00010518938758339253,0.01921590443390189,0.5581533626513174,0.029254250945716095,0.00010520010328652279,0.33390258156832,0.059158317652343646,0.00010519325753107162
0.00010045377503869737,0.00010044524152547596,0.4020612153131161,0.01798245819382581,0.00010046151659378714,0.4811021603622304,0.0949343042894968,0.0036185013081730076
0.0001148618299111469,0.00011486954814443077,0.04759986745193626,0.0001148679816603432,0.10901983609642305,0.7835073677454751,0.059413453486793666,0.00011487585965582266
0.00011241942719607681,0.030205615610565065,0.0001124280849539378,0.00011240671058914583,0.31255891617303694,0.6439207777124109,0.00011240947377672415,0.012865026807471163
0.04013109606566473,0.037315703050195444,0.00011714582657643683,0.00011714757769216785,0.27530485911910707,0.6381949260279318,0.00011716252272450287,0.008701959810107776
0.019074932794047844,0.00011607349181674998,0.00011605277916347924,0.0001160606997236075,0.24955934492601706,0.7193401612000967,0.00011607176157665999,0.01156130234755787
0.0001063056071115724,0.07419124624672262,0.010253718321420436,0.00010631528707718014,0.12291204045301402,0.7898675732117975,0.00010631520482640928,0.00245648566803037
0.004545592536922825,0.00010712483286752642,0.0017656555349864999,0.00010712176177296569,0.06252608879835857,0.926581032593322,0.004260276270455031,0.00010710767131454897
0.0002050474242877546,0.0057365293207484866,0.00020503318070035962,0.00020505361395448135,0.07038850309117792,0.9228497540407363,0.0002050387013137098,0.0002050406270809665
0.00011356734622902659,0.621086606451328,0.0001135688310216647,0.00011356119053316687,0.17103945395191844,0.05488517658451338,0.03064810307445083,0.12199996257000557
0.02005395003934992,0.6058205484446119,0.09991243242723537,0.01668271554129945,0.13116488191805586,0.06206239955181182,0.060024360225265715,0.004278711852370144
0.007287295975053642,0.3300341959758308,0.08293623634303637,0.00011854461588887277,0.387031767185418,0.1685322568553523,0.008881514512076952,0.01517818853734308
0.00013165156546047452,0.6541851812549389,0.07048839881208165,0.030702631928348028,0.032887657907952804,0.0537405178139494,0.12515458282913422,0.03270937788813449
0.10237675969168658,0.6523287776292365,0.00013781669705788724,0.00013779753858673245,0.09892948783036427,0.09687760687743216,0.04907392034848939,0.00013783338714646784
0.25128926772609783,0.3857968823575847,0.00012367409483432973,0.00012366634657951515,0.16242227107344512,0.19999689961641937,0.00012367247445405907,0.00012366631058506706
0.025588296493183567,0.7396360601005414,0.03445580485816433,0.00011660068728467717,0.05396276054329218,0.061626889846460864,0.07543099983149108,0.009182587639581916
0.00011743508977245381,0.4897909777954299,0.00011742839577917692,0.00011742506431166024,0.0665917807362351,0.14913503338886105,0.2940125069908321,0.00011741253877858435
0.14172417343725505,0.2975146876344303,0.0001268065352389867,0.00012680387195440515,0.07388618145836376,0.24133262971524586,0.2451619153679846,0.00012680197952694557
0.041372793057738846,0.6374194253993734,0.18553332134805034,0.00013357966252250256,0.004362557032039911,0.05315958156561022,0.07788518081866845,0.00013356111599623936
0.00010912369381701211,0.1535372269634053,0.00010910898060398853,0.00010909824137692969,0.10416762543996078,0.1391374761516515,0.6027212297013135,0.00010911082787100656
0.00010984311783749532,0.00010982053870710703,0.00010982465075102495,0.02135622553196372,0.00010982880945875639,0.18234965434241174,0.7957449813093284,0.00010982169954186668
0.00010782067290794792,0.00010781451616598636,0.00010780375439750139,0.010008009190282977,0.08777360445504435,0.15534877941051806,0.7464383367427896,0.00010783125789372312
0.00010632206759702368,0.11930135889643988,0.28264231573883075,0.027713482332772606,0.000106322941497237,0.119804192444853,0.4502196898610585,0.00010631571695099814
0.00011202797703719834,0.057656299879688996,0.3517549059944236,0.00011203647173181359,0.057045116249974416,0.3097506164930041,0.22345694927767767,0.00011204765646217307
0.00010861901078165276,0.1132531988643224,0.06936311821355359,0.00010863300443895796,0.8168405435411376,0.00010863355317726407,0.00010863224610722194,0.00010862156648137989
0.00010885218723490497,0.00010886110334166238,0.00010886415539752328,0.13802541494365467,0.7842015243931648,0.07722874841225769,0.00010887401801052078,0.00010886078693827989
0.00010781559114721367,0.03718999537436203,0.00010780803757222338,0.00902450181085107,0.9072677029092784,0.019355227180103136,0.02683914758689713,0.00010780150978880211
0.003093420176472343,0.044797422671065804,0.2919094039185731,0.1775319490808271,0.297712516649509,0.1465214656547574,0.038322912245962334,0.00011090960283285032
0.00011103202200918415,0.02614511831525242,0.03173923928238664,0.5263370508517577,0.00011105488736832719,0.41533442312411717,0.00011104321409290784,0.00011103830301566793
0.00011555262113022961,0.0591434734829814,0.0001155297870502506,0.1703056646163233,0.14522796890582285,0.6188898098343341,0.0013627054664806634,0.004839295285877233
0.00010654515828756086,0.2280181108629927,0.00012579411445593218,0.0828525062423721,0.5349807197316572,0.10608752174467778,0.047722256352469856,0.00010654579308688474
0.00011104655116137471,0.11215332601444823,0.00011104010359274278,0.00011104247119651758,0.47593636763019326,0.36516576692201247,0.046300377512328954,0.00011103279506636759
0.00010909212466813326,0.00010910617348308934,0.00010909684026023532,0.00010910147754196594,0.16535901770271624,0.4778411310745263,0.3562543639872011,0.0001090906196029608
0.00011202780954528971,0.04364661648853716,0.00011203351958602666,0.00011203905979930708,0.6568513021176088,0.14265517737412325,0.15639877528824608,0.00011202834255412046
0.008722999507593525,0.05630992243833249,0.00011165933843352008,0.00011165622326090048,0.6603510286925337,0.2668596414006895,0.00011166351146656363,0.007421428887689845
0.07847100307595871,0.08684734469130741,0.00011924142124799248,0.00011923252369398965,0.6226783569881832,0.21152631659313592,0.00011924243281435548,0.00011926227365835054
0.00011356713999360032,0.014706831817551027,0.00011356449241323153,0.00011356512832832847,0.7347046942872526,0.23031806958805637,0.013912863897282895,0.006016843649122008
0.017181716550834846,0.0779656593735087,0.00011473007704778724,0.00011472566265717665,0.338927846199721,0.5562757189740118,0.00011582939246608961,0.009303773769752563
0.00011633016040685573,0.7600246479031181,0.006971720263647548,0.00011632954623497606,0.1255825658229507,0.037132428239890256,0.00011633174209335864,0.06993964632165824
0.002921078422883285,0.613001901445648,0.09202608143322472,0.000122760900009064,0.1638681219758731,0.021604156856616995,0.015526694492948412,0.0909292044727964
0.00011966537157470188,0.975649155781411,0.00011968269366458981,0.00011967869587989109,0.00011968481676544819,0.00011967643773122334,0.00011966776210249255,0.0236327884408705
0.024892442015232108,0.5661303021864298,0.2309770132267452,0.00013235176414854092,0.00013235814198322697,0.0001323619837809416,0.17747083386187354,0.00013233681980669179
0.015289614421509619,0.12609273144266656,0.05729721201611477,0.20402019870021013,0.27905979445628726,0.3180072373183984,0.00011660350722516743,0.0001166081375880457
0.00010388577975894091,0.7714861024656754,0.00010388399016223018,0.00010389110777936883,0.09234848146823024,0.11808003656275033,0.00010388882359769516,0.017669829802045806
0.03593367589455284,0.8030991952972003,0.10444952221814806,0.00010851761067152128,0.00010851870323351037,0.0001085191001458647,0.056083538976931656,0.00010851219911634954
0.00010073860688079597,0.2821787437976858,0.13966150373560268,0.0001007489820760342,0.21229532884149552,0.00010075094229474334,0.36258313359930483,0.0029790514946597133
0.0001021831663691374,0.35100161937660973,0.04991655300641233,0.16135941396419085,0.2262688606782735,0.1411997837908719,0.07004938792663523,0.00010219809063733782
0.00010563736600736187,0.7825271134162859,0.10106695240852191,0.00010565013833896515,0.0780402126504314,0.00010565096646472926,0.037943137413098765,0.00010564564085093945
9.57285408583817e-05,0.30809937914126306,0.2012515983458438,0.10421443862897369,0.25266352314703394,9.573853354638052e-05,0.1334838588298353,9.573483264535161e-05
0.00010455633954642596,0.6339992511815765,0.00010454078290040809,0.00010454249174108023,0.14576951044942532,0.14112852406284757,0.07868452240305357,0.00010455228890906837
0.0001181362367749548,0.8000418879680918,0.03196227555885784,0.040199261497066534,0.00021479454270187934,0.00011812620319778854,0.08198744951427733,0.045358068479031996
0.09587799304813423,0.8228784654646067,0.00015959645893979737,0.038299183535788435,0.00015957182908895668,0.00015957201345591533,0.0001595785068980572,0.042306039143087705
0.04775906073642895,0.8531961667154788,0.00010044912788758645,0.0001004492968952318,0.031201871639214795,0.06744110019176755,0.0001004466544576687,0.00010045563786956797
0.18954183807765562,0.6504882457758729,0.00010476481839782672,0.00010475698103401436,0.06488044337600117,0.09467042795864747,0.0001047670781359449,0.00010475593425497255
0.033758018477527386,0.7885715724637471,0.00010957613462607835,0.00010957598594429281,0.06655821007182187,0.06707655684663841,0.04370689908041642,0.00010959093927846322
0.05541411659953367,0.6215292598929273,0.00010543097877131561,0.00010542174791846367,0.04173152047982629,0.10591601612144913,0.17509281636774066,0.00010541781183308185
9.676568042557191e-05,0.5695852584170166,0.27762726966944545,9.67532466105696e-05,0.021832338178139756,9.677107035863569e-05,0.1305681037098524,9.674002815093271e-05
9.8668370380804e-05,0.6252837016308543,0.040341315278550095,9.865935609754263e-05,9.866919050739087e-05,0.07833474728785113,0.2556455679860458,9.867089971290595e-05
0.010214321407508642,0.3986530401427987,0.13775355317941743,0.00010126025800706485,0.09325462982654112,0.00010126475990569017,0.35982066611782687,0.00010126430799457895
9.994639740045602e-05,0.3849577332003097,0.08796090697631191,9.994852279506673e-05,0.13024300168694689,0.08445325356417831,0.3120852734408077,9.993621124996083e-05
9.119440770659817e-05,0.5767518114295538,0.1910205929605565,9.119729404802291e-05,0.006471672727865588,9.120204757590677e-05,0.22539113236856775,9.119676412579359e-05
9.518067778449535e-05,0.269638359685202,0.02381474591739224,9.518347508409559e-05,0.11485493132379002,9.519278575326037e-05,0.5913111951179915,9.521101700229286e-05
0.00010355385919200502,0.07467355176265386,0.038720426982118576,0.00010356673594020357,0.05691432578239272,0.000103570741296543,0.8292774489448553,0.00010355519155075638
9.383959578004793e-05,0.04873680337512098,0.007855259989535693,0.03176901872547867,0.09892641632834229,9.385678850981982e-05,0.8124309676441956,9.383755303689615e-05
0.00010014680756820947,0.03008092647487432,0.00010014247092764171,0.02383748082433691,0.06616093325785803,0.18378968156894787,0.6958305554631175,0.00010013313236951491
9.788105336617317e-05,0.09088248954376879,0.009213907662106278,0.036354749790452265,9.789802809734619e-05,9.789414519555731e-05,0.8631572829147157,9.789686229802274e-05
0.00010250437292604397,0.08273815738342384,0.03381543836244279,0.04949731914477837,0.08812064540849066,0.023607493765872074,0.7220159368671034,0.00010250469496279881
9.770606508639782e-05,0.25814995934111246,0.402385238134586,9.769683293496218e-05,9.770136248546724e-05,9.769917598750705e-05,0.33897630689628755,9.769219151958815e-05
9.474070538051232e-05,0.2142975887428974,0.5726831382571843,9.474260810212717e-05,9.47418401443351e-05,0.026977882391091786,0.18566243519171965,9.47302634798357e-05
9.618531219177023e-05,0.07809385570599903,0.50333584275149,0.011117877098827113,0.10562969327948893,0.13537028185206446,0.1662600708250059,9.619317493291969e-05
0.00010475113425649791,0.17877884133221303,0.1049144257988957,0.025274336714354598,0.656376204601381,0.03434191687822543,0.00010476618298387966,0.00010475735768992081
0.0001031334204252894,0.12200633070482049,0.00010314613545638166,0.00010314768848192529,0.8773748285719635,0.00010314002648815685,0.00010313810262209663,0.0001031353497421221
0.00010313981440519064,0.00010314833177781476,0.04003581289211755,0.00010315375864422636,0.9461417521245837,0.0001031431997004156,0.008851757326817575,0.0045580925519536275
0.00010228768227680423,0.08383586446865855,0.01175161937953472,0.0001022907135258579,0.8654081274660295,0.00010229442836269756,0.0355343161299807,0.003163199731631165
0.00010410563007578897,0.0420911767890866,0.015705285617946672,0.06317017409206636,0.6523776910794546,0.06970992158937198,0.15673754250406094,0.00010410269793699497
0.00010251683121020316,0.06502369910836138,0.000102506614295361,0.1256411159544104,0.5582317788005343,0.06854153458999934,0.18225434086267148,0.00010250723851749699
0.00010229924036844215,0.04537800678195482,0.0001022946858977796,0.0001022833638673558,0.9458563646152233,0.00010229471947653824,0.00010229605427770403,0.008254160538934005
0.0001051917140868675,0.00010519607555462217,0.00010519397055696274,0.00010519925239973198,0.9992636408216076,0.00010519469701137808,0.0001051950696607581,0.00010518839912216129
0.00010186516295005253,0.020919171696032187,0.011742280380625032,0.00010187896287885587,0.9668291831171549,0.00010187739358481958,0.00010187756910659432,0.000101865717667409
0.0019882697521948754,0.09850936165781554,0.0773057866599741,0.04586936650422798,0.7657459882427066,0.010378900688436204,0.0001011662722602411,0.00010116022238443231
9.693458577511642e-05,0.1833162018108187,0.4522833167848275,0.17062056185851407,9.694581539351097e-05,0.08592850634118024,0.10756059890009191,9.693390339879552e-05
0.00010094494268719976,0.2808203463252226,0.09260251364936106,0.30914991943230585,0.00010095762332572056,0.19312744872404689,0.12399692027898192,0.00010094902406867786
9.807317103198093e-05,0.10513501018809666,0.052392725392383786,0.3682081278743752,9.808628923886662e-05,0.45174522554033564,0.022224669246726125,9.80822978115883e-05
0.00010240141533144259,0.14830719997463815,0.0527131929822834,0.37633315829518293,0.09755598338216026,0.30563670226062223,0.01924896880781632,0.00010239288196533856
0.00010114777620801851,0.06207631442310951,0.028363950915327164,0.00010116598304024179,0.3526032893582077,0.4692881289530031,0.08736485175744246,0.00010115083366180195
9.884484458085281e-05,0.08870564004776309,0.02515986458704121,9.886442727354113e-05,0.4013804520139731,0.22344166765760706,0.26101580357122517,9.886285053587429e-05
9.895358880982556e-05,0.11790850852124934,9.8955284600462e-05,0.17060551945340177,0.15220279343757984,0.39438316407782453,0.15902814135041815,0.0056739642861161335
9.610215510527722e-05,0.0073734134402741605,9.609900157087908e-05,0.17450857832981728,0.21216080682197597,0.42290054212470407,0.18276836169369004,9.609643286236822e-05
0.00010218235018708655,0.04200669413202355,0.00010218013419610971,0.0001021993989780196,0.6667897677174989,0.27449557738194114,0.01629921174155399,0.00010218714362126736
0.00010356052123241434,0.4339066335131797,0.0030848544519907796,0.00010356452308645486,0.41701944376848044,0.1372280624648614,0.0001035661188859036,0.008450314638282979
0.006987974855677165,0.09364807674192444,0.00010147790237218808,0.00010146693800775817,0.7302259165537925,0.13960943483892976,0.02922419405278291,0.00010145811651329381
0.010825435752106635,0.04505967984308147,0.00010166793339000458,0.00010167536373768349,0.6596332668325824,0.15873146129513235,0.04208613570235596,0.08346067727761337
0.00010486864767122632,0.00010487028030618515,0.00010485785506333027,0.00010485861732542078,0.9992659457630126,0.00010487356064556662,0.00010486086578973057,0.00010486441018582426
0.00011017307929088318,0.062021488068108394,0.00011017202013921622,0.00011017857882173089,0.8235234932661207,0.11390412182593164,0.00011018558180955639,0.00011018757977786253
0.017235195649767672,0.3247339457977639,0.0001116497373649312,0.00011164995852042994,0.5548977925957708,0.1026864563144608,0.00011165666109488955,0.0001116532852566806
0.00010875342813222612,0.05171092686087048,0.00010874332857802228,0.00010873474300261574,0.8486687397980786,0.09907661464548628,0.00010874092890704172,0.00010874626694485204
0.0001018711730212617,0.09751296416548923,0.0001018863962260063,0.00010187934246536774,0.7890680777348945,0.10409875381355736,0.00010188196717756857,0.00891268540716867
9.582069612065496e-05,0.23853688518018662,9.583080262690811e-05,9.581905007317545e-05,0.379880826111454,0.27139951212142605,0.10022644848776109,0.009668857550351581
0.00010014398646536124,0.3865923996875315,0.0001001542998536325,0.00010013931101622848,0.5683605162604211,0.00010014804537800972,0.04454635114784257,0.00010014726149168383
0.00010094780572296181,0.2786101699045968,0.006780886707960382,0.0001009516262288846,0.5578057553006561,0.000100960486564798,0.15324157055848533,0.0032587576097846942
9.923972224000905e-05,0.04584044875638313,9.925159607681957e-05,9.92472289075774e-05,0.8727015280719489,0.05145557861165721,0.025861014386742685,0.0038436916260436503
9.963474995340209e-05,9.965226998937268e-05,9.965796416969119e-05,9.965317405162714e-05,0.5683280865904428,0.3047720070101826,0.12640167291951804,9.963532169259555e-05
0.0001034520780066231,0.04695333979462757,0.02081837747737318,0.0339263161662434,0.14256907457282322,0.3663234168490321,0.38920257245585466,0.00010345060603923501
9.57262958779957e-05,0.09128056885580803,0.025944510741539,9.573600302161554e-05,0.06352283282301838,0.179654498283171,0.6327207601317268,0.006685366865837145
0.00010565257393851263,0.16530273096106035,0.00010563729232441769,0.0001056350112953441,0.31540232304196253,0.4436701674519722,0.07520222205199462,0.000105631615451889
0.00010509548308802935,0.3764827535793215,0.00010507705140948936,0.00010509277706117531,0.11292868927181976,0.5100631221200584,0.00010508738320186137,0.00010508233403973006
0.00010699230918703907,0.25944843557043584,0.00010699113011323584,0.00010699549016230826,0.3183011772743347,0.42171539110154316,0.0001070009215817603,0.00010701620264192767
0.00010177536313262715,0.6120884680633788,0.016215776943237597,0.00010177252716426183,0.07484332031422532,0.16154234353136665,0.1350047766406896,0.00010176661680517355
9.826698141685861e-05,0.08908074728160421,9.827984625154764e-05,0.7990874171181207,9.827879268945591e-05,0.11134046228673543,9.827653032187972e-05,9.82711628600217e-05
9.778595715076072e-05,0.05401496907049095,9.779319558169883e-05,0.8167074291164317,9.779171151288439e-05,9.779972361707806e-05,0.12878864031473927,9.779091047577561e-05
9.044928291644814e-05,0.06027039091156223,9.045544128009919e-05,0.8234945353760216,9.044491322074416e-05,9.044838336564877e-05,0.11578282580589472,9.04498857385259e-05
9.884954921954537e-05,0.09949236585544029,9.885307192723168e-05,0.8944549791491424,9.88520192662317e-05,0.005558404922861541,9.884796435991938e-05,9.884746778269486e-05
9.731315534858416e-05,0.2158786951913715,0.01250208141801408,0.6282780459905848,9.731454670538079e-05,9.732764857059454e-05,0.14295190798648394,9.731406292124917e-05
9.482909074700283e-05,0.11733991473118764,9.483460378177042e-05,0.37324177228940203,0.18453135307628923,9.48278167006558e-05,0.32450763813277655,9.483025911500185e-05
9.160764247333429e-05,0.05500077850674925,9.161674566999858e-05,0.5331447350967348,0.4113964196469301,9.161365413717354e-05,9.161319778365578e-05,9.161550952176259e-05
9.428105347676027e-05,0.11153467472273629,9.429433970248606e-05,0.8756703557715465,9.428972429176866e-05,0.012323525406085807,9.429340177882772e-05,9.428558038151352e-05
0.00010292486678514132,0.1805374150230821,0.023085114507523187,0.44478985245251973,0.12417322435232703,0.00010293120859923982,0.22710560174670116,0.00010293584246239154
0.00011433394354864786,0.00011434181569763865,0.03023913671032907,0.6040034837700367,0.16622678491734963,0.00011433949391196987,0.1990732451755078,0.00011433417361851154
0.0001124009992352787,0.041871982218191106,0.0001124140002822853,0.46399739881102253,0.4935685763745109,0.00011241315773820738,0.00011241116550406234,0.00011240327351555576
0.00011823720162624611,0.00011824664891584183,0.00011825139869915868,0.9991722768896177,0.0001182474275082413,0.00011825374329001189,0.00011824644026951063,0.0001182402500731969
0.012964120624285622,0.09069146226296815,0.00011117176211595641,0.5047011719558465,0.25785910976289456,0.00011116854904394437,0.09639193477183174,0.03716986031101346
0.00010687408439518539,0.10013311656082237,0.15136962774374088,0.5578239087320753,0.00010688816057098181,0.00010688869102084047,0.19024581499841647,0.0001068810289579749
0.03161801722008056,0.27794650550613753,0.6274088559626481,0.00011306043595749079,0.00011305471388252778,0.042057353835645794,0.020630098574744276,0.00011305375090378607
0.003622536786730363,0.4407166431106508,0.22105279524064608,0.016899227123481752,0.22900125933149926,9.564459677186152e-05,0.05155978119887232,0.03705211261134766
0.051300314322700324,0.12788138157684562,0.7344731716149832,0.00012944119731588482,0.04175230463510887,0.00012941642986533355,0.005144937224078137,0.0391890329991027
0.0001277680498605827,0.00012776386184931707,0.9016930824386036,0.09754028432115126,0.0001277872292402083,0.00012777720301106283,0.0001277646633873218,0.00012777223289663577
0.00013113223008020056,0.00013112460510867832,0.7357767196587164,0.0001311293364837737,0.0019056460769085624,0.00013111680533613092,0.2525329561922246,0.009260175095141607
0.013253817938019333,0.00012155620001216686,0.6928500684011463,0.057859164352424726,0.13675864197521487,0.00012156330344676556,0.09891361495982262,0.00012157286991331867
0.1862350889487406,0.00013182691783478531,0.6424982704551767,0.000131832770131097,0.10278328856346362,0.00013183029013403354,0.039423988661975315,0.02866387339254372
0.00014031621477265282,0.19396871590551626,0.7831600063461119,0.00014032448421423513,0.008318149709252237,0.00014032533248077092,0.00014032774803896653,0.01399183425961287
0.00013575942527274202,0.2386267386701269,0.6742706670650518,0.00013576357997660326,0.08642372922026287,0.00013576357794767882,0.0001357919101133752,0.0001357865512479323
0.04391559031102686,0.8063318372026511,0.00014781285839626432,0.00014779148402512072,0.040250860663525755,0.10337670662809648,0.00014779259700276336,0.005681608255275576
0.005609463066529793,0.6479311451645969,0.00011331375960050036,0.00011331101482601021,0.22127287633754938,0.09274172113742811,0.03210487092286109,0.00011329859660818538
0.00010994627132085609,0.31929836100943226,0.00010994585514264657,0.13600250225587776,0.21549634179541832,0.2908629706371977,0.022650534201373595,0.015469397974236883
0.07964241806480445,0.1166090769789467,0.04353885400493669,0.19636673086671028,0.12276279971502906,0.22408736708745167,0.21688208073664825,0.00011067254547288016
0.029231983565205386,0.05836287211585461,0.00010922214227399019,0.3823315098304361,0.00010921494957513028,0.09172294210846642,0.43802303482005545,0.00010922046813277674
0.022299109766242754,0.06383755271921865,0.00012506993841458438,0.7692375255856921,0.00012505669467200443,0.1441255464608157,0.00012508399905526775,0.00012505483588876916
0.0001171651202451991,0.028268211464858077,0.03558492357868402,0.3956499164147427,0.034635737416179035,0.37190343693781663,0.1337234607030586,0.00011714836441573748
0.015103325132439713,0.00011593290863969344,0.00011594006149371976,0.38906663108096384,0.5368171360946836,0.05854915035831172,0.00011593937813403201,0.000115944985333603
0.012876194456557907,0.045405179263121334,0.00010792514845414756,0.22846864261518754,0.36861740050900027,0.18639034413019573,0.1496758332483612,0.008458480629121967
0.289890731728308,0.21934945132914294,0.00011881640581727117,0.00011883430438712619,0.12499824943138269,0.3652862718138646,0.00011882033673295927,0.00011882465036454665
0.5036540522941259,0.08064767439573867,0.00011255523976994134,0.0001125550654524239,0.11938337918200181,0.24941398317739935,0.04656326946445003,0.00011253118106192953
0.40422679936250283,0.21184348379937237,0.010813247438430998,0.00011540172047672994,0.00011539864565633257,0.356697534452982,0.0160727504296387,0.00011538415094012621
0.8162928358252713,0.00015807423760087598,0.0001580641301613493,0.0001580562607045328,0.0001580557949015915,0.000158067728256209,0.00015806867107106477,0.1827587773520331
0.4121891368162482,0.0001946537532985691,0.0001946779347234974,0.00019465699246853352,0.00019465683266280516,0.00019465862725450507,0.00019469676334284947,0.586642862280001
0.19225847417998118,0.0002446384774208646,0.0002446485699646147,0.00024465230885907237,0.00024463850636753946,0.00024464394637513105,0.0002446626599604654,0.8062736413510712
0.21945054746136958,0.0002539817515840861,0.00025395073244009986,0.0002539489088290477,0.0002539969302091369,0.0002540182978403302,0.00025397227706256775,0.7790255836406651
0.20361963245000672,0.0002579213574339729,0.00025790214688675397,0.0002579050228406858,0.0002579251470464669,0.0002579407014210631,0.0002579206554433886,0.794832852518921
0.12685080498288992,0.0002238360016150498,0.0002238424941696686,0.00022385077282358962,0.00022383909651805468,0.00022384759226132142,0.00022385637821713657,0.8718061226815053
0.5654517091289859,0.00018842098720539102,0.0001884292288500787,0.00018842795504179463,0.0001884197902998228,0.00018843136502378325,0.00018842687499420004,0.433417734669599
0.2507592730289032,0.00013164912732349716,0.00013166410836254537,0.5559416995585164,0.05397987821653582,0.06123873425287873,0.04208285431092116,0.03573424739655872
0.08370731379791337,0.7857089199870074,0.00012959678003953302,0.02010862221266136,0.00012961045455712697,0.09924597601853431,0.00012959792364469741,0.010840362825642115
0.17087411027720853,0.10077343688188375,0.011357663015382402,0.2734784909271185,0.00011369707030714824,0.259333222424324,0.17965840564242344,0.004410973761352227
0.049986283039199,0.00011811962596626752,0.0190050303677661,0.5836560754096708,0.00011811471159369356,0.04567028320519134,0.3013279876006899,0.00011810603992287971
0.01766013193626453,0.00012112551524063663,0.0001211215489268004,0.6655785884470976,0.00012111948853103686,0.19247339003811725,0.12380340224494846,0.0001211207808738924
0.01206456921351439,0.00012171164286801963,0.0779753066314598,0.4515296895938855,0.00012172235786394242,0.4219003717294877,0.022759806103931947,0.013526822726988599
0.030353084173823836,0.00011266662821175673,0.00011265893327260074,0.1921276919660065,0.7769558998430045,0.00011267361549834642,0.00011265907225136747,0.00011266576793104919
0.3166810914121456,0.09710973284904668,0.00011911852962740744,0.0959565463326623,0.09018647883750637,0.36614832902484645,0.033679589441687356,0.00011911357247783061
0.8311245655843122,0.12749852122906163,0.0001507076220036463,0.00015069002724164919,0.00015067992939195708,0.04062345463222561,0.00015069094417314742,0.00015069003159020735
0.7676657003309401,0.00018526820358339454,0.00018527244358572484,0.00018526722762463572,0.0001852740906679316,0.0001852702419658831,0.00018527294519936233,0.23122267451643302
0.6570315143026592,0.0001773776615623616,0.000177378139934924,0.000177375602514753,0.0001773803526164568,0.00017737738889017106,0.0001773777709772833,0.34190421878084487
0.7792367635237383,0.00020089984734551923,0.00020090884307998015,0.0002008997396283169,0.0002009035338370554,0.0002009045635420463,0.00020090488577324751,0.21955781506305552
0.00024467658010160617,0.0002446448361003387,0.00024463524829908305,0.00024463559952744363,0.00024463036975799437,0.0002446415186283302,0.00024463334419010124,0.998287502503395
0.0001950191942260425,0.00019504797638309745,0.0001950315658927682,0.00019502616053773114,0.00019503615001316904,0.0001950276483703102,0.00019503732791007454,0.9986347739766669
0.0001887601977608227,0.0001888058321642196,0.00018877387357233466,0.00018876908621875513,0.00018878240900939257,0.000188770177083368,0.00018878273706659693,0.9986785556871246
0.00026124390356542835,0.0002612415970673541,0.00026125105683659223,0.00026124469015482196,0.00026124749623593953,0.0002612423805840499,0.0002612479310341935,0.9981712809445215
0.0002021190955210796,0.0002021176954973502,0.000202117954596346,0.0002021151323389025,0.000202124672718295,0.00020212195225376397,0.00020211698306958612,0.9985851665140046
0.29593657395123596,0.00021242865190279384,0.00021242590762693452,0.00021247134575481518,0.019077708197691178,0.00021244201191612414,0.0002124255696188538,0.6839235243642534
0.0037902948925605602,0.000265401577427928,0.0002654095821310397,0.0002654050625798224,0.00026540828810206143,0.0002654014636953881,0.00026541838907964845,0.9946172607444236
0.030926964897115876,0.2355466014934555,0.20895800361639125,0.2886522484116229,0.09749642851277,0.0003228532177794832,0.00032290561024828437,0.13777399424061665
0.03336130061556777,0.5688283861305639,0.00012568477360134616,0.07035966454831866,0.12512540035001282,0.1828645982595979,0.00012568814307803558,0.019209277179259715
0.008524493924824203,0.0001126703344618367,0.00011266709680312628,0.8847880327380606,0.00011266447389399568,0.10612415462231882,0.00011265789244960104,0.00011265891718778333
0.03151701492811774,0.010860454743990817,0.0001126845850501759,0.5559079941115143,0.00011266722793528468,0.10314562952950017,0.29823088164639827,0.00011267322749339372
0.0001064605641175612,0.00010643587735358081,0.00010643045003413516,0.46754574682131445,0.00010644013687874883,0.11320726366923341,0.41871478236211834,0.00010644011894968867
0.07282691930974984,0.00011104954119923255,0.09501125664794105,0.3149448043516272,0.346373792390186,0.09465261308481615,0.07596853140751499,0.00011103326696543422
0.00011715261519344867,0.00011714606940372762,0.00011713972618349316,0.7649385313391309,0.1565951372454583,0.07788058414824164,0.00011715799283552624,0.00011715086355304582
0.08183874425683456,0.00982067213535713,0.0001215678822164776,0.34894951590814166,0.3124486868434235,0.24657766673191525,0.00012157522201798928,0.00012157102009350742
0.16240070064232937,0.10705392187922655,0.00010957523469849751,0.097825924030318,0.11913873247974509,0.4161241517118537,0.08287363188657085,0.01447336213525804
0.5236078966608366,0.1736274178636608,0.031668887910453455,0.04401104002290075,0.00011344002486012653,0.14907177437209948,0.0777861150308013,0.00011342811438748052
0.7238695874583393,0.15533772142153981,0.00014013459889515513,0.043312935173048905,0.023248114017611374,0.05381124921687468,0.00014013089987129383,0.00014012721381945876
0.7436700406732697,0.00021019104934396225,0.0002101990601013004,0.00021019097403569942,0.00021019807111026,0.00021019063239204766,0.00021019240796925332,0.2550687971317778
0.6096474548358328,0.00019540104424182732,0.00019539989768160938,0.00019539801446713252,0.00019540118288048926,0.0001954003688689964,0.00019540025507167763,0.3891801444009555
0.9981371715060235,0.0002661084980545076,0.0002661109090034083,0.0002661152724842156,0.00026611355416299203,0.0002661187909134167,0.00026611826962692515,0.0002661431997310734
0.4780917201591037,0.00023322605742672915,0.00023322883563570517,0.00023322422976753386,0.00023322681337117055,0.00023323568828339072,0.00023322764451956076,0.5205089105718923
0.00028753269063156687,0.00028753289704154967,0.0002875395689528459,0.00028753736007057837,0.0002875399109272185,0.0002875348609524457,0.00028754179516971153,0.9979872409162541
0.00020800024702401717,0.00020800344555218283,0.0002080002637453932,0.00020799855854901266,0.00020799853249772117,0.0002079962880035359,0.00020800819326448065,0.9985439944713637
0.0002273898188863393,0.00022739593293690457,0.00022738975418623632,0.00022738622819918426,0.00022739665439652968,0.00022738620093118165,0.0002273948157431087,0.9984082605947205
0.0002253471537684668,0.00022534508718055746,0.00022534386793432248,0.00022534231750487513,0.00022534652458668978,0.0002253481143280914,0.00022534100391114902,0.9984225859307858
0.00025524224150500326,0.0002552417967409798,0.0002552474874576089,0.0002552452323533843,0.0002552500851792936,0.00025524268841526786,0.00025524921987793745,0.9982132812484705
0.27782886633779436,0.00021064779986602335,0.00021065448866254847,0.00021069221997397432,0.009910844647999732,0.00021065519695289445,0.00021064255782695727,0.7112069967509237
0.0041965206709592955,0.0002810652389171254,0.0002810754730598728,0.000281074515050218,0.00028107452572451587,0.00028106567937569204,0.0002810791577569589,0.9941170447391563
0.0318895471681065,0.28717590435738866,0.2751926884483221,0.2546161681691656,0.06386728974133345,0.00018393943647256744,0.011367856725862997,0.07570660595334809
0.02132580846404496,0.8029849698053821,0.0001294262445952746,0.05649734289637205,0.00012942934377934665,0.11365833579740144,0.0001294182615490456,0.005145269186875684
0.05174694789372631,0.10066941967496502,0.00011407196336929413,0.19951144702496368,0.17516614297913255,0.3670743902646924,0.07224911525042411,0.03346846494872657
0.00010553447122066588,0.020150287156571224,0.00010552885283234536,0.556075321102653,0.00010553871382090895,0.1632477443758259,0.26010449652005324,0.00010554880702269825
0.00010136398108936131,0.041735585037140976,0.15721468508516906,0.5202488303538053,0.00010136749016036367,0.1709604777174048,0.10953632227557834,0.00010136805965166509
0.011677305561234733,0.020513592566166788,0.00011104231882413824,0.2726146866963074,0.5157412942366715,0.161966042778726,0.01726499237707229,0.00011104346499716831
0.08435304284493497,0.11878010386152829,0.012042056561540624,0.05401298596642643,0.24676662732829077,0.3955507307628697,0.08554396501612695,0.0029504876582822363
0.25422343467103786,0.22516676218729026,0.00011140466892065074,0.06566344322241839,0.0444598513967668,0.4101522814618506,0.00011140224268344014,0.00011142014903205297
0.6990004748778729,0.10685526923458652,0.00012246784724251805,0.00012245680534086334,0.08749049781648087,0.10616391536239243,0.00012246260374654082,0.00012245545233753138
0.7462561893901849,0.0002005052220399862,0.0002005098985785665,0.00020051264749325158,0.00020050452692635487,0.00020050997239584614,0.00020050993244321409,0.2525407584099378
0.7037478926699757,0.00018322953755514442,0.00018322925364278606,0.00018322732488341262,0.0001832336254926813,0.00018322981531641868,0.00018323103499404586,0.2951527267381398
0.8883585889531748,0.0001856097968707939,0.00018560851875738536,0.00018560785304622896,0.0001856093527331661,0.00018561060863978083,0.0001856118929786886,0.11052775302379929
0.3564313569459768,0.00020130268372432086,0.00020130485400781704,0.0002012986417885989,0.00020130930854631775,0.00020130989683497265,0.00020130739134397295,0.6423608102777772
0.00028265550689536535,0.0002826551601426074,0.0002826628606824558,0.0002826602381805556,0.0002826628993962456,0.00028265757877832666,0.0002826623441450309,0.9980213834117794
0.0002097454922568512,0.00020974940932522233,0.00020974521145892693,0.00020974398591689348,0.00020974347515756526,0.00020974205037634522,0.00020975303257890664,0.9985317773429293
0.00023160303716666673,0.00023160714393577342,0.00023160151049084204,0.00023159810435642778,0.00023161343471841736,0.00023159902809329484,0.00023160449595022086,0.9983787732452883
0.0002482852215290246,0.00024828325844297364,0.00024828312092971077,0.00024828073339330466,0.00024828574324993284,0.0002482872820873321,0.0002482814126915512,0.9982620132276762
0.00022790442625815455,0.00022790303695223386,0.00022790741303793573,0.0002279053555933626,0.00022790745991368327,0.00022790383372239343,0.0002279097473557446,0.9984046587271663
0.22532420893984356,0.00019465787469274571,0.0001946662221217819,0.00019469082439542047,0.009202856153981524,0.0001946618623847025,0.00019464972046113547,0.7644996084021191
0.00027116118454297646,0.0002711576268333957,0.00027116798101432793,0.0002711635387103578,0.00027116559631231634,0.00027115811610687484,0.0002711672762273458,0.9981018586802525
0.20292339164675283,0.12543217177522967,0.0008714196238785412,0.06461793652240526,0.06928505913603601,0.0008713096172692209,0.0008713036881492709,0.5351274079902792
0.10492870289591667,0.458661799520549,0.00011140854897478442,0.12305374300642911,0.2806351468909549,0.00011141400100552559,0.026382043345322174,0.006115741790847848
0.035379488313036674,0.00010239831087407478,0.00010240614571516966,0.16577858245781266,0.5508532558061932,0.00010240269976327181,0.24757906846437097,0.00010239780223402165
0.019072963298743785,0.00010303915934379646,0.1368017532846228,0.31983165787082507,0.00010303548262049793,0.11642491553362874,0.4023471191309933,0.005315516239221987
0.00010400049457445774,0.00010399450793144016,0.00010399893759269074,0.8166277891760156,0.0353326992376104,0.09885323486358046,0.048770280218767274,0.00010400256392767719
0.10638460141412756,0.12218901360080445,0.00010850681098695948,0.3093251762847452,0.1074854338920912,0.3542902352471067,0.00010851685097915773,0.00010851589915868758
0.5417178259778873,0.15613169589105994,0.00010863152978706576,0.047439274820892156,0.09818598557267029,0.1561993363592886,0.00010862900055121891,0.00010862084786345704
0.8945970778475195,0.04690608711288775,0.00015707268071775472,0.0001570663317057079,0.0001570642322855574,0.00015706171033536427,0.0001570636612336246,0.057711506423314685
0.6021745866468277,0.00018841020888325417,0.0001884220558930785,0.00018841256939626248,0.0001884179681001556,0.00018841173373251814,0.00018841223555020567,0.3966949265816168
0.9986811428798658,0.00018840529784733585,0.00018840318315806436,0.00018840508089872952,0.00018840405050453383,0.0001884064468021176,0.00018840681819090225,0.00018842624273259637
0.08322249408295053,0.00018289530612651593,0.00018290304330028924,0.00018289063406958802,0.00018290129632198202,0.00018289649557426632,0.00018289203312255096,0.9156801271085344
0.0002476730724843378,0.0002476625755447164,0.00024766701358537526,0.00024765977279424365,0.00024766815540120437,0.00024765797683689976,0.0002476631501321486,0.9982663482832211
0.19619820279687297,0.0001809438725352395,0.15857234205738757,0.13743171364224677,0.02066841496864129,0.011495789674809421,0.028796592903596287,0.4466560000839105
0.000327138091992839,0.2831369468913549,0.3760473559968683,0.10251906255775811,0.22896171671762247,0.00032712463635907896,0.008353553964316994,0.0003271011437273245
0.21185639213414997,0.5254148685264151,0.00012826542271221651,0.07347106087697704,0.18874456685263638,0.00012827607713609244,0.00012826916304651441,0.00012830094692667022
0.0429108424312537,0.0001196901632524163,0.04233104959909384,0.5329290186829715,0.38135035632235137,0.00011967951404429337,0.00011967771140438328,0.0001196855756286053
0.11165502898966116,0.013244375524471594,0.00011798730095726519,0.23685995361929182,0.5029209466452039,0.00011798130985304775,0.1349657323601109,0.00011799425045026446
0.008636608536716278,0.00010826897666468602,0.00010826302140336674,0.5278392400746543,0.00010826504273766915,0.00010827440257839372,0.4629828017325485,0.00010827821269686356
0.03057761206828422,0.0001129162373382523,0.00011291326227824012,0.43676356337473393,0.00011292549372704668,0.06871105359841022,0.46349608808129783,0.00011292788393022028
0.04497258618144211,0.00011229519543439734,0.2116743791283784,0.5030072804890995,0.00011229622031244225,0.08440649283300972,0.15560239161193284,0.00011227834039047911
0.019767292183350903,0.0001151294106387116,0.03555036782389066,0.4210179123953869,0.5139735387712634,0.00011513369757195683,0.00934549141669255,0.00011513430120502505
0.00011646430642879445,0.0001164669418855076,0.00011646562371353947,0.9991847127457141,0.0001164730491005798,0.00011647711194440106,0.00011647121518227959,0.00011646900603074814
0.00011969142700110844,0.00011968536236664666,0.00011968011252396048,0.9191112717058233,0.000119675253801098,0.0801706304486728,0.00011968152913374583,0.00011968416067732559
0.01522341731519138,0.00012601588109440728,0.0001259949504960548,0.6256355912075005,0.027283239722790006,0.31856763419291506,0.00012600482222840579,0.01291210190778425
0.11036794017371411,0.00011254709653637,0.00011253312927307344,0.20590188676352714,0.39311168145038666,0.2717667161818001,0.00011253810981622945,0.018514157094946367
0.2872475337877394,0.1949632417335005,0.00011996698098026152,0.13447869026144824,0.00011996821385478642,0.30183476203448517,0.08111586723046708,0.0001199697575244747
0.5574227809814674,0.12302977566489123,0.020417753541202274,0.12702991487042914,0.00011031336232979591,0.06535931522725807,0.10651985178476521,0.00011029456765688025
0.9246818974925961,0.024052246135259633,0.00015807960558769974,0.00015807234173854058,0.05047547774196139,0.00015807081202722076,0.00015807199530741258,0.00015808387552201198
0.7192997798301402,0.00021242600966392433,0.00021243122491019885,0.00021243209870890198,0.00021244227249260113,0.00021243245345956214,0.00021242804530746938,0.2794256280653172
0.9642728797418672,0.00016987092466583703,0.00016984796624504837,0.00016987151424372975,0.00016986082828625103,0.00016986333184066028,0.0001698649038485784,0.03470794078900277
0.5777103618657603,0.00021941755544925808,0.00021941228915687538,0.0002194352539436901,0.00021941733569520733,0.0002194151760850591,0.00021942064704421176,0.42097311987686536
0.23106103916699947,0.00020338610958401635,0.019223107927868903,0.0002033694235771688,0.00020338059071115124,0.0002033731885613934,0.00020340935373881902,0.748698934238959
0.04157013632694886,0.21776029153369175,0.20603472499351402,0.2691877940056797,0.11663480660913512,0.00013061471890652638,0.02923528277648894,0.11944634903563509
0.20546393159630524,0.7938322807604966,0.00011729660427334025,0.00011729307474359584,0.00011729283503530985,0.00011729956070477465,0.00011729493575272062,0.0001173106326883059
0.18557640060822295,0.12535384744979583,0.00011593211927711275,0.12139011477177887,0.05052091869616638,0.409955977631616,0.10697087888857659,0.00011592983456633034
0.09091658429093677,0.13468396718173006,0.022656258412633443,0.11684079861374216,0.00010609609469935064,0.00010609470780236098,0.6294288354935187,0.005261365204937156
0.036085085234629014,0.00011117158219367058,0.0001111628354462596,0.26089188632768096,0.00011116877514404891,0.04606504007440162,0.656513318902763,0.00011116626774147343
0.01198978211736012,0.00010357197125035192,0.28144597346572026,0.29038928664554986,0.15618138750972949,0.05590952221875263,0.20387690167636296,0.0001035743952742225
0.005834971369838433,0.00010850093139401689,0.00010850860859244036,0.41230072888754243,0.4781296438244947,0.07949914656915111,0.02390998291890526,0.00010851689008165018
0.00011241647063297786,0.00011240864725796256,0.00011242019086737664,0.6936903457361896,0.30220366013249816,0.0001124146210913111,0.00011242202473842729,0.0035439121767241806
0.00012428313271904578,0.0001242846872418108,0.00012427075621899468,0.635708249827961,0.3635460571556124,0.00012429164081129664,0.000124281804410047,0.000124280995025423
0.00011555200084578889,0.00011553863222904267,0.00011553120977568646,0.7915124334625818,0.00011552718227931688,0.06960481851529741,0.1383050531403924,0.00011554585659852705
0.00010055271794493679,0.1473524182826234,0.00010055196172908676,0.22413485936826366,0.22864465919298346,0.2816150538431736,0.11297606627712918,0.005075838356152707
0.3018972450542732,0.20566576590734773,0.00011190570235382628,0.051722196586328366,0.18079138032530737,0.18503781024616206,0.07466178729298589,0.000111908885241551
0.45848111098146227,0.17135716327725323,0.050132705558164375,0.0001087435208694167,0.08872069652185416,0.12810110195979157,0.10298973815360443,0.00010874002700054265
0.06545414418681982,0.7910317838782339,0.019498027673735215,0.0001235261807408428,0.09575177639537123,0.020562059664115544,0.00012352256159085676,0.007455159459392604
0.0538237013307239,0.04733141715050502,0.00011840520439562314,0.4164620234252712,0.00011840505371231548,0.00011840271684251052,0.4819092446003565,0.00011840051819290417
0.008072897796184015,0.00010934332589170338,0.12753168150193966,0.5174309563335879,0.03624185960122151,0.08543730941947486,0.209473253716853,0.015702698304847364
0.00010949430359167768,0.029454613886205096,0.05078748970400784,0.4200732081076444,0.1822631466062234,0.04170393992374582,0.2596249639673173,0.01598314350126435
0.0001052083854397862,0.00010519551059612157,0.00010519928131730418,0.37900975706436973,0.4606314311593617,0.00010520104282108416,0.1598328117716387,0.00010519578445544387
0.0022308213423008674,0.00011911046508255407,0.00011910324167472982,0.628657512949773,0.3483109371540938,0.020324308392443504,0.00011910588544744917,0.00011910056918393807
0.00011369679017757079,0.07694972605155571,0.00011368619003953071,0.3822852022938394,0.14434273216209223,0.25899585212712106,0.11891558867571167,0.018283515709462857
0.31457089920315057,0.22441862188349807,0.00010875293455896765,0.04374922408650621,0.05050325995086473,0.26083644241286474,0.10570405727926559,0.00010874224929107025
0.49731791616168086,0.14123290246145578,0.0001421255237919108,0.0001421230599065792,0.03684649237190663,0.23272246277504655,0.0914538776864449,0.0001420999597667019
